Audemars Piguet, Royal Oak, 639000,1.jpg,A classic watch with a classic price.
Audemars Piguet, Millenary 4101, 277000,2.jpg,abc2
Audemars Piguet, Royal Oak OffShore, 7836695,3.jpg,abc3
Girard Perregaux, Classic Elegance, 17000,4.jpg,abc4
Girard Perregaux, Chronograph 18kt, 94000,5.jpg,abc5
Girard Perregaux, Ferrari Split, 176000,6.jpg,abc6
Hublot, Classic Fusion, 65995,7.jpg,abc7
Hublot, Big Bang, 382195,8.jpg,abc8
Patek Philippe, Complicated, 1557395,9.jpg,abc9
Patek Philippe, Golden Ellipse, 466995,10.jpg,abc10
Patek Phillipe, Calatrava, 319195,11.jpg,abc11
Omega, Seamaster Diver, 17365,12.jpg,abc12
Omega, Speedmaster Moonwatch, 44995,13.jpg,abc13
Omega, De Ville Prestige, 27195,14.jpg,abc14
Rolex, Submariner, 106195,15.jpg,abc15
Rolex, Datejust 31, 62895,16.jpg,abc16
Rolex, Pearlmaster, 338195,17.jpg,abc17
Tag Heuer, Formula 1, 11095,18.jpg,abc18
Tag Heuer, Aquaracer, 13295,19.jpg,abc19
Tag Heuer, Carrera, 23195,20.jpg,abc20